user_id,name,gender,age,is_deleted,created_at,updated_at,firebase_id,wheelchair_type
34,,Unspecified,0,t,2020-03-23 16:41:56.267131,2020-03-24 10:39:37.614899,vOx6JnzcqkguUZZXokIl7vyJbfr2,
1,,Female,24,t,2020-03-08 14:07:00.768148,2020-03-24 10:39:33.619447,XJADPht6W9Ui2pQRGzwgKknTZWG3,Electric
4,,Female,30,t,2020-03-12 18:04:06.445044,2020-03-24 10:39:33.620558,SVwaBxrJIIdvbcksBXZZhmnpLtK2,Electric
5,,Unspecified,0,t,2020-03-12 18:52:23.996308,2020-03-24 10:39:45.523014,y5HPCMBKOdcIdf6Ew73ZV141THS2,
38,,Unspecified,0,f,2020-03-24 10:49:39.160591,2020-03-24 12:15:55.622524,M9xMYYB9opeZ2v9oFmLtUl5SMwz2,
17,,Female,20,t,2020-03-23 10:03:46.333347,2020-03-24 10:39:33.709447,MyhdPgfH0wXbi6uRL5tMUjFIqpw2,Manual
36,,Unspecified,0,t,2020-03-23 16:56:25.56887,2020-03-24 10:39:37.770256,wOXs5joWg9ZoE64bzrlHYHj8BDO2,
19,,Unspecified,0,t,2020-03-23 11:29:58.972632,2020-03-24 10:39:33.777157,ZJSBwWdnkFTXYYvKuBmF2d3KVMG3,
12,,Unspecified,0,t,2020-03-15 13:15:46.84352,2020-03-24 10:39:38.381711,kEW3JNGrmfTKng0L3ZA3MlOLwXP2,
18,,Unspecified,0,t,2020-03-23 10:18:47.573015,2020-03-24 10:39:48.179649,TbIrSVOM5BgUn1iWLHxBR31NrS42,
11,,Unspecified,0,t,2020-03-13 02:38:51.213664,2020-03-24 10:39:38.570521,RT3zeHeXIiT2b7fatD1iUkdmDSk2,
26,,Unspecified,0,t,2020-03-23 16:17:55.370921,2020-03-24 10:39:38.978559,oA7qfTVjGPWW5Oxtt6Pa8hMla2C3,
9,,Unspecified,0,t,2020-03-13 02:31:15.043954,2020-03-24 10:39:34.599045,6VHPgxQa5OMTrl02L50q9NlqHdm1,
24,,Unspecified,0,t,2020-03-23 16:17:21.871787,2020-03-24 10:39:34.978937,ydKyhb31mRf6yXKhkMEADl15FHy1,
20,,Unspecified,0,t,2020-03-23 11:59:43.680255,2020-03-24 10:39:35.269895,W9ZX3Khm4JQ2pYAYsjLvu0iXg723,
27,,Unspecified,0,t,2020-03-23 16:18:23.77248,2020-03-24 10:39:35.765874,1YJ5wPYPrLUSRcPz7d7311o6wyg2,
21,,Unspecified,0,t,2020-03-23 12:30:24.472878,2020-03-24 10:48:24.760313,drdeGAnJnMcZ9OSW1AZYupQlIrr1,
37,,Unspecified,0,t,2020-03-24 10:44:04.760222,2020-03-24 10:48:25.620218,lQoLBINC0sZ2MaM4olSWyugVLIH3,
14,,Female,17,t,2020-03-23 09:21:45.724222,2020-03-24 10:39:35.962385,8wt5caaUyZTfMXrcV6ZHMGyphdf1,Manual
54,,Unspecified,0,f,2020-03-24 12:20:00.984332,2020-03-24 12:21:45.362867,KWnOQll3h7b6KJXEyDphsbfUt9I3,
39,,Unspecified,0,f,2020-03-24 10:58:11.171529,,71P2phfvAqYhSkns1YdusjIaCgC3,
40,,Unspecified,0,f,2020-03-24 10:58:11.92056,,TPhvxQGxEoS64AEzAJ4CZtaeKLB2,
41,,Unspecified,0,f,2020-03-24 10:58:12.532498,,TPhvxQGxEoS64AEzAJ4CZtaeKLB2,
30,,Female,0,t,2020-03-23 16:20:05.670347,2020-03-24 10:39:39.676122,sdRtGs2WHpbpkTztDXsltK3pU683,
42,,Unspecified,0,f,2020-03-24 10:58:12.570826,,sKQuFT9bBXcyjWpM4f0HFxhNXRm1,
43,,Unspecified,0,f,2020-03-24 10:58:12.806555,,qLOo9d7xSNMrpQJdWvlfCr0hZal2,
10,,Unspecified,0,t,2020-03-13 02:38:03.743119,2020-03-24 10:39:39.766924,0zBEPATixhf74Jv63bMg6nlZ41Z2,
44,,Unspecified,0,f,2020-03-24 10:58:18.963019,,h1F0YwvRE4XlUJEV73qajziXLI33,
22,,Unspecified,0,t,2020-03-23 16:16:59.470128,2020-03-24 10:39:39.782278,2tp25QsLIShplX7gKQW24aQ6dEq2,
45,,Unspecified,0,f,2020-03-24 10:59:07.860009,,ORCh2czVZlZZ9NR7lo45GTN9ELf2,
29,,Unspecified,0,t,2020-03-23 16:18:35.117674,2020-03-24 10:39:32.091817,h3mRpPZ618gviDCue0Q91SSroAa2,
7,,Unspecified,0,t,2020-03-12 18:53:25.445622,2020-03-24 10:39:32.463958,F39SfMpkZAP1W4bfYJHLK3odVco1,
59,,Unspecified,0,f,2020-03-26 09:50:25.060344,,TLWfgRwXQ7ar6AOfU2kqwHHkl5u1,
6,,Unspecified,0,t,2020-03-12 18:52:33.361809,2020-03-24 10:39:40.079676,dPIqDcpmOzgdAW1lRZUYohOghI12,
28,,Unspecified,0,t,2020-03-23 16:18:33.06014,2020-03-24 10:39:40.710194,64AnuCUy7vTNuGmwF72aOIF8LcU2,
32,,Unspecified,0,t,2020-03-23 16:21:14.470767,2020-03-24 10:39:33.387657,BjvF0L2W2laTSvWN34AN2Vumxjq2,
16,,Unspecified,14,t,2020-03-23 09:57:29.86431,2020-03-24 10:39:33.416113,MV18JC83QhdyIQ1fRKTWs6nkqAu1,
33,,Unspecified,0,t,2020-03-23 16:41:02.866701,2020-03-24 10:39:33.48658,ytNofGM3xINT6kbH9c7AUcNO8Vl2,
13,,Unspecified,0,t,2020-03-23 09:06:44.983375,2020-03-24 10:39:40.980516,vLPyxVsKm2YZf7KKnpjBlfdBWeA2,
25,,Unspecified,0,t,2020-03-23 16:17:44.766672,2020-03-24 10:39:36.722105,VeKWkdfKe6Rm64ADaVp5HrQ6o642,
8,,Unspecified,0,t,2020-03-13 00:55:13.144733,2020-03-24 10:39:36.769201,GsQ0l5itYwOxfkAIElCdsLEaZ4g1,
31,,Unspecified,0,t,2020-03-23 16:20:37.481359,2020-03-24 10:39:37.212348,w3eSh5wrq4OzkHyb36T7J2gLb4N2,
2,,Unspecified,0,t,2020-03-11 14:30:37.943825,2020-03-24 10:39:37.272078,epCppwP3XeSfaoJka5auvlYjdUe2,
55,,Unspecified,0,f,2020-03-24 12:22:23.359215,2020-03-24 12:22:46.569214,qjhrPiak1CYVoZPU398zGDN020y1,
3,,Unspecified,0,t,2020-03-12 17:55:46.943285,2020-03-24 10:39:41.45363,p6PbGAj3TPduNbYqrFNHsZq0o8W2,
23,,Unspecified,0,t,2020-03-23 16:17:12.139456,2020-03-24 10:39:41.681055,13phSenIWoWWO0B1pu0jfxYD8oJ3,
56,,Female,28,f,2020-03-24 12:24:20.759869,2020-03-24 12:25:14.262292,z0eKoV9rweMURK4sFPlvppeUFSE2,Electric
35,,Unspecified,0,t,2020-03-23 16:43:00.369896,2020-03-24 10:39:43.264298,xOim55NGKGULAKd5AGIHgOclp862,
15,,Unspecified,0,t,2020-03-23 09:53:27.658493,2020-03-24 10:39:43.94949,IBEIIw5KjQhJZz8xQC4XXw2tO423,
46,,Unspecified,0,f,2020-03-24 10:59:36.36066,,TtHqZCkXQ3dQ45wwfIDm53gz3Tm2,
47,,Unspecified,0,f,2020-03-24 11:00:34.46134,,U4s4rDcScpVb19nS90ghGL6Y7ZT2,
48,,Unspecified,0,f,2020-03-24 11:00:36.567947,,0BtcrESozZgOiTTtwpucVg9yxpb2,
49,,Unspecified,0,f,2020-03-24 11:00:37.461866,,wJLfFVBumARGTgybKPjK1zhnsZ43,
50,,Unspecified,0,f,2020-03-24 11:01:32.973324,,G58aNRC9n7MePdiPpx1VRDL9m312,
51,,Unspecified,0,f,2020-03-24 11:02:36.175211,,rBowqOS1ccb2AytMjZFc18d4UDc2,
52,,Unspecified,0,f,2020-03-24 11:05:10.9625,,ZccvzgrA8QgG23lGXV2KVByPFhe2,
53,,Unspecified,0,f,2020-03-24 11:06:35.760713,,dJRKGSDKOKdqDLqygUU3NKXvOyu2,
57,,Female,20,f,2020-03-24 12:28:18.260254,2020-03-24 12:28:33.159649,VTTqmSepe6dpTJZKJzUGjpCboPT2,Electric
58,,Unspecified,0,f,2020-03-26 09:38:39.266725,,lLIh4yUAj0bFXwekRljOk4ZR3fj1,
60,,Unspecified,0,f,2020-03-31 08:46:00.370172,2020-03-31 10:34:10.800537,BAy8zadTmkMX5bTmXDTNjo44Jrw1,
62,,Unspecified,0,f,2020-04-05 11:48:55.970555,,yPNOco1aQGUik8rQqyEkX6EtIUi1,
61,,Male,0,f,2020-04-02 01:47:34.000828,2020-04-02 01:51:23.776257,yuuYIT9y5nesa3R0se8GpUFnabi1,
